"","Year","Month","DayOfWeek","Bike","Trips"
"1","2020","Jan","Sun","Docked",8238
"2","2020","Jan","Mon","Docked",22474
"3","2020","Jan","Tue","Docked",26227
"4","2020","Jan","Wed","Docked",26492
"5","2020","Jan","Thu","Docked",28967
"6","2020","Jan","Fri","Docked",24530
"7","2020","Jan","Sat","Docked",6956
"8","2020","Feb","Sun","Docked",17929
"9","2020","Feb","Mon","Docked",23934
"10","2020","Feb","Tue","Docked",24238
"11","2020","Feb","Wed","Docked",20121
"12","2020","Feb","Thu","Docked",16889
"13","2020","Feb","Fri","Docked",19097
"14","2020","Feb","Sat","Docked",17377
"15","2020","Mar","Sun","Docked",24683
"16","2020","Mar","Mon","Docked",20370
"17","2020","Mar","Tue","Docked",24496
"18","2020","Mar","Wed","Docked",23298
"19","2020","Mar","Thu","Docked",20284
"20","2020","Mar","Fri","Docked",17036
"21","2020","Mar","Sat","Docked",13251
"22","2020","Apr","Sun","Docked",17915
"23","2020","Apr","Mon","Docked",10745
"24","2020","Apr","Tue","Docked",12813
"25","2020","Apr","Wed","Docked",8718
"26","2020","Apr","Thu","Docked",11703
"27","2020","Apr","Fri","Docked",9972
"28","2020","Apr","Sat","Docked",12910
"29","2020","May","Sun","Docked",26528
"30","2020","May","Mon","Docked",23658
"31","2020","May","Tue","Docked",17261
"32","2020","May","Wed","Docked",25006
"33","2020","May","Thu","Docked",20420
"34","2020","May","Fri","Docked",32724
"35","2020","May","Sat","Docked",54677
"36","2020","Jun","Sun","Docked",63033
"37","2020","Jun","Mon","Docked",36963
"38","2020","Jun","Tue","Docked",45970
"39","2020","Jun","Wed","Docked",39689
"40","2020","Jun","Thu","Docked",49223
"41","2020","Jun","Fri","Docked",43446
"42","2020","Jun","Sat","Docked",64681
"43","2020","Jul","Sun","Docked",75611
"44","2020","Jul","Mon","Docked",62548
"45","2020","Jul","Mon","Electric",8
"46","2020","Jul","Tue","Docked",62444
"47","2020","Jul","Tue","Electric",45
"48","2020","Jul","Wed","Docked",73584
"49","2020","Jul","Wed","Electric",300
"50","2020","Jul","Thu","Docked",84311
"51","2020","Jul","Thu","Electric",745
"52","2020","Jul","Fri","Docked",98643
"53","2020","Jul","Fri","Electric",837
"54","2020","Jul","Sat","Docked",92404
"55","2020","Aug","Sun","Docked",97613
"56","2020","Aug","Sun","Electric",10808
"57","2020","Aug","Mon","Docked",64295
"58","2020","Aug","Mon","Electric",9389
"59","2020","Aug","Tue","Docked",64832
"60","2020","Aug","Tue","Electric",7546
"61","2020","Aug","Wed","Docked",66459
"62","2020","Aug","Wed","Electric",7878
"63","2020","Aug","Thu","Docked",66416
"64","2020","Aug","Thu","Electric",9112
"65","2020","Aug","Fri","Docked",75236
"66","2020","Aug","Fri","Electric",10164
"67","2020","Aug","Sat","Docked",121315
"68","2020","Aug","Sat","Electric",11298
"69","2020","Sep","Sun","Docked",64148
"70","2020","Sep","Sun","Electric",19037
"71","2020","Sep","Mon","Docked",50735
"72","2020","Sep","Mon","Electric",15067
"73","2020","Sep","Tue","Docked",50499
"74","2020","Sep","Tue","Electric",17514
"75","2020","Sep","Wed","Docked",62940
"76","2020","Sep","Wed","Electric",21106
"77","2020","Sep","Thu","Docked",48834
"78","2020","Sep","Thu","Electric",16846
"79","2020","Sep","Fri","Docked",57690
"80","2020","Sep","Fri","Electric",19153
"81","2020","Sep","Sat","Docked",69760
"82","2020","Sep","Sat","Electric",19629
"83","2020","Oct","Sun","Docked",29248
"84","2020","Oct","Sun","Electric",17189
"85","2020","Oct","Mon","Docked",21784
"86","2020","Oct","Mon","Electric",14592
"87","2020","Oct","Tue","Docked",28984
"88","2020","Oct","Tue","Electric",18219
"89","2020","Oct","Wed","Docked",32918
"90","2020","Oct","Wed","Electric",19874
"91","2020","Oct","Thu","Docked",36248
"92","2020","Oct","Thu","Electric",25446
"93","2020","Oct","Fri","Docked",38108
"94","2020","Oct","Fri","Electric",26322
"95","2020","Oct","Sat","Docked",49187
"96","2020","Oct","Sat","Electric",30534
"97","2020","Nov","Sun","Docked",22694
"98","2020","Nov","Sun","Electric",15636
"99","2020","Nov","Mon","Docked",23487
"100","2020","Nov","Mon","Electric",16204
"101","2020","Nov","Tue","Docked",17474
"102","2020","Nov","Tue","Electric",12984
"103","2020","Nov","Wed","Docked",17962
"104","2020","Nov","Wed","Electric",13377
"105","2020","Nov","Thu","Docked",19468
"106","2020","Nov","Thu","Electric",14884
"107","2020","Nov","Fri","Docked",22773
"108","2020","Nov","Fri","Electric",16639
"109","2020","Nov","Sat","Docked",27724
"110","2020","Nov","Sat","Electric",18410
"111","2020","Dec","Sun","Classic",9913
"112","2020","Dec","Sun","Docked",801
"113","2020","Dec","Sun","Electric",6196
"114","2020","Dec","Mon","Classic",10623
"115","2020","Dec","Mon","Docked",450
"116","2020","Dec","Mon","Electric",6370
"117","2020","Dec","Tue","Classic",10398
"118","2020","Dec","Tue","Docked",3387
"119","2020","Dec","Tue","Electric",7736
"120","2020","Dec","Wed","Classic",10712
"121","2020","Dec","Wed","Docked",3636
"122","2020","Dec","Wed","Electric",7938
"123","2020","Dec","Thu","Classic",10498
"124","2020","Dec","Thu","Docked",3115
"125","2020","Dec","Thu","Electric",7869
"126","2020","Dec","Fri","Classic",8976
"127","2020","Dec","Fri","Docked",888
"128","2020","Dec","Fri","Electric",6001
"129","2020","Dec","Sat","Classic",9496
"130","2020","Dec","Sat","Docked",727
"131","2020","Dec","Sat","Electric",5843
"132","2021","Jan","Sun","Classic",7344
"133","2021","Jan","Sun","Docked",352
"134","2021","Jan","Sun","Electric",4040
"135","2021","Jan","Mon","Classic",8565
"136","2021","Jan","Mon","Docked",201
"137","2021","Jan","Mon","Electric",4457
"138","2021","Jan","Tue","Classic",8151
"139","2021","Jan","Tue","Docked",197
"140","2021","Jan","Tue","Electric",4103
"141","2021","Jan","Wed","Classic",8612
"142","2021","Jan","Wed","Docked",233
"143","2021","Jan","Wed","Electric",4457
"144","2021","Jan","Thu","Classic",9231
"145","2021","Jan","Thu","Docked",236
"146","2021","Jan","Thu","Electric",4849
"147","2021","Jan","Fri","Classic",9608
"148","2021","Jan","Fri","Docked",318
"149","2021","Jan","Fri","Electric",5557
"150","2021","Jan","Sat","Classic",10189
"151","2021","Jan","Sat","Docked",569
"152","2021","Jan","Sat","Electric",5565
"153","2021","Feb","Sun","Classic",3871
"154","2021","Feb","Sun","Docked",202
"155","2021","Feb","Sun","Electric",1311
"156","2021","Feb","Mon","Classic",3414
"157","2021","Feb","Mon","Docked",32
"158","2021","Feb","Mon","Electric",1144
"159","2021","Feb","Tue","Classic",4910
"160","2021","Feb","Tue","Docked",85
"161","2021","Feb","Tue","Electric",1740
"162","2021","Feb","Wed","Classic",5510
"163","2021","Feb","Wed","Docked",93
"164","2021","Feb","Wed","Electric",2133
"165","2021","Feb","Thu","Classic",4908
"166","2021","Feb","Thu","Docked",75
"167","2021","Feb","Thu","Electric",2090
"168","2021","Feb","Fri","Classic",5572
"169","2021","Feb","Fri","Docked",177
"170","2021","Feb","Fri","Electric",2341
"171","2021","Feb","Sat","Classic",6827
"172","2021","Feb","Sat","Docked",607
"173","2021","Feb","Sat","Electric",2580
"174","2021","Mar","Sun","Classic",23647
"175","2021","Mar","Sun","Docked",3693
"176","2021","Mar","Sun","Electric",8287
"177","2021","Mar","Mon","Classic",23534
"178","2021","Mar","Mon","Docked",2369
"179","2021","Mar","Mon","Electric",8922
"180","2021","Mar","Tue","Classic",22867
"181","2021","Mar","Tue","Docked",1836
"182","2021","Mar","Tue","Electric",9297
"183","2021","Mar","Wed","Classic",21056
"184","2021","Mar","Wed","Docked",1303
"185","2021","Mar","Wed","Electric",9310
"186","2021","Mar","Thu","Classic",14674
"187","2021","Mar","Thu","Docked",733
"188","2021","Mar","Thu","Electric",6059
"189","2021","Mar","Fri","Classic",17262
"190","2021","Mar","Fri","Docked",1090
"191","2021","Mar","Fri","Electric",7305
"192","2021","Mar","Sat","Classic",29505
"193","2021","Mar","Sat","Docked",4633
"194","2021","Mar","Sat","Electric",11114
"195","2021","Apr","Sun","Classic",32125
"196","2021","Apr","Sun","Docked",5452
"197","2021","Apr","Sun","Electric",12776
"198","2021","Apr","Mon","Classic",28618
"199","2021","Apr","Mon","Docked",2811
"200","2021","Apr","Mon","Electric",12332
"201","2021","Apr","Tue","Classic",33932
"202","2021","Apr","Tue","Docked",3652
"203","2021","Apr","Tue","Electric",14642
"204","2021","Apr","Wed","Classic",24019
"205","2021","Apr","Wed","Docked",1923
"206","2021","Apr","Wed","Electric",11403
"207","2021","Apr","Thu","Classic",25183
"208","2021","Apr","Thu","Docked",1532
"209","2021","Apr","Thu","Electric",13721
"210","2021","Apr","Fri","Classic",36658
"211","2021","Apr","Fri","Docked",3676
"212","2021","Apr","Fri","Electric",18390
"213","2021","Apr","Sat","Classic",34084
"214","2021","Apr","Sat","Docked",5668
"215","2021","Apr","Sat","Electric",14633
"216","2021","May","Sun","Classic",60935
"217","2021","May","Sun","Docked",12215
"218","2021","May","Sun","Electric",31112
"219","2021","May","Mon","Classic",44394
"220","2021","May","Mon","Docked",6104
"221","2021","May","Mon","Electric",25503
"222","2021","May","Tue","Classic",30430
"223","2021","May","Tue","Docked",2453
"224","2021","May","Tue","Electric",19128
"225","2021","May","Wed","Classic",37155
"226","2021","May","Wed","Docked",2864
"227","2021","May","Wed","Electric",22577
"228","2021","May","Thu","Classic",33716
"229","2021","May","Thu","Docked",3054
"230","2021","May","Thu","Electric",21772
"231","2021","May","Fri","Classic",36694
"232","2021","May","Fri","Docked",4706
"233","2021","May","Fri","Electric",24819
"234","2021","May","Sat","Classic",65769
"235","2021","May","Sat","Docked",11957
"236","2021","May","Sat","Electric",34276
"237","2021","Jun","Sun","Classic",70048
"238","2021","Jun","Sun","Docked",10968
"239","2021","Jun","Sun","Electric",32741
"240","2021","Jun","Mon","Classic",46752
"241","2021","Jun","Mon","Docked",4637
"242","2021","Jun","Mon","Electric",27554
"243","2021","Jun","Tue","Classic",65005
"244","2021","Jun","Tue","Docked",6373
"245","2021","Jun","Tue","Electric",38242
"246","2021","Jun","Wed","Classic",68347
"247","2021","Jun","Wed","Docked",5904
"248","2021","Jun","Wed","Electric",39275
"249","2021","Jun","Thu","Classic",53162
"250","2021","Jun","Thu","Docked",5136
"251","2021","Jun","Thu","Electric",32498
"252","2021","Jun","Fri","Classic",58237
"253","2021","Jun","Fri","Docked",7459
"254","2021","Jun","Fri","Electric",34946
"255","2021","Jun","Sat","Classic",73469
"256","2021","Jun","Sat","Docked",11239
"257","2021","Jun","Sat","Electric",37603
"258","2021","Jul","Sun","Classic",68221
"259","2021","Jul","Sun","Docked",10470
"260","2021","Jul","Sun","Electric",30799
"261","2021","Jul","Mon","Classic",58193
"262","2021","Jul","Mon","Docked",7094
"263","2021","Jul","Mon","Electric",29532
"264","2021","Jul","Tue","Classic",59126
"265","2021","Jul","Tue","Docked",5197
"266","2021","Jul","Tue","Electric",33463
"267","2021","Jul","Wed","Classic",61432
"268","2021","Jul","Wed","Docked",5323
"269","2021","Jul","Wed","Electric",33337
"270","2021","Jul","Thu","Classic",76298
"271","2021","Jul","Thu","Docked",6064
"272","2021","Jul","Thu","Electric",38913
"273","2021","Jul","Fri","Classic",81180
"274","2021","Jul","Fri","Docked",8664
"275","2021","Jul","Fri","Electric",46344
"276","2021","Jul","Sat","Classic",102459
"277","2021","Jul","Sat","Docked",14886
"278","2021","Jul","Sat","Electric",45415
"279","2021","Aug","Sun","Classic",91264
"280","2021","Aug","Sun","Docked",10489
"281","2021","Aug","Sun","Electric",41005
"282","2021","Aug","Mon","Classic",66690
"283","2021","Aug","Mon","Docked",5376
"284","2021","Aug","Mon","Electric",37945
"285","2021","Aug","Tue","Classic",66749
"286","2021","Aug","Tue","Docked",4605
"287","2021","Aug","Tue","Electric",39569
"288","2021","Aug","Wed","Classic",57095
"289","2021","Aug","Wed","Docked",3857
"290","2021","Aug","Wed","Electric",31300
"291","2021","Aug","Thu","Classic",63673
"292","2021","Aug","Thu","Docked",4614
"293","2021","Aug","Thu","Electric",33380
"294","2021","Aug","Fri","Classic",68733
"295","2021","Aug","Fri","Docked",6299
"296","2021","Aug","Fri","Electric",36654
"297","2021","Aug","Sat","Classic",88829
"298","2021","Aug","Sat","Docked",9825
"299","2021","Aug","Sat","Electric",36401
"300","2021","Sep","Sun","Classic",71318
"301","2021","Sep","Sun","Docked",8199
"302","2021","Sep","Sun","Electric",35785
"303","2021","Sep","Mon","Classic",55109
"304","2021","Sep","Mon","Docked",4452
"305","2021","Sep","Mon","Electric",33066
"306","2021","Sep","Tue","Classic",49535
"307","2021","Sep","Tue","Docked",2327
"308","2021","Sep","Tue","Electric",31960
"309","2021","Sep","Wed","Classic",72613
"310","2021","Sep","Wed","Docked",3132
"311","2021","Sep","Wed","Electric",39399
"312","2021","Sep","Thu","Classic",75042
"313","2021","Sep","Thu","Docked",3646
"314","2021","Sep","Thu","Electric",43472
"315","2021","Sep","Fri","Classic",61718
"316","2021","Sep","Fri","Docked",4700
"317","2021","Sep","Fri","Electric",36527
"318","2021","Sep","Sat","Classic",76949
"319","2021","Sep","Sat","Docked",8881
"320","2021","Sep","Sat","Electric",38317
"321","2021","Oct","Sun","Classic",52514
"322","2021","Oct","Sun","Docked",5958
"323","2021","Oct","Sun","Electric",42308
"324","2021","Oct","Mon","Classic",31964
"325","2021","Oct","Mon","Docked",1891
"326","2021","Oct","Mon","Electric",29860
"327","2021","Oct","Tue","Classic",42545
"328","2021","Oct","Tue","Docked",1800
"329","2021","Oct","Tue","Electric",40301
"330","2021","Oct","Wed","Classic",41628
"331","2021","Oct","Wed","Docked",1650
"332","2021","Oct","Wed","Electric",41307
"333","2021","Oct","Thu","Classic",32771
"334","2021","Oct","Thu","Docked",1185
"335","2021","Oct","Thu","Electric",35494
"336","2021","Oct","Fri","Classic",48655
"337","2021","Oct","Fri","Docked",3256
"338","2021","Oct","Fri","Electric",47416
"339","2021","Oct","Sat","Classic",66062
"340","2021","Oct","Sat","Docked",7144
"341","2021","Oct","Sat","Electric",55517
"342","2021","Nov","Sun","Classic",19074
"343","2021","Nov","Sun","Docked",1650
"344","2021","Nov","Sun","Electric",23279
"345","2021","Nov","Mon","Classic",26508
"346","2021","Nov","Mon","Docked",947
"347","2021","Nov","Mon","Electric",32400
"348","2021","Nov","Tue","Classic",29316
"349","2021","Nov","Tue","Docked",822
"350","2021","Nov","Tue","Electric",37161
"351","2021","Nov","Wed","Classic",22896
"352","2021","Nov","Wed","Docked",707
"353","2021","Nov","Wed","Electric",29550
"354","2021","Nov","Thu","Classic",17583
"355","2021","Nov","Thu","Docked",646
"356","2021","Nov","Thu","Electric",24411
"357","2021","Nov","Fri","Classic",17680
"358","2021","Nov","Fri","Docked",852
"359","2021","Nov","Fri","Electric",24577
"360","2021","Nov","Sat","Classic",20982
"361","2021","Nov","Sat","Docked",1990
"362","2021","Nov","Sat","Electric",26947
"363","2021","Dec","Sun","Classic",9691
"364","2021","Dec","Sun","Docked",788
"365","2021","Dec","Sun","Electric",13354
"366","2021","Dec","Mon","Classic",12761
"367","2021","Dec","Mon","Docked",531
"368","2021","Dec","Mon","Electric",16926
"369","2021","Dec","Tue","Classic",12002
"370","2021","Dec","Tue","Docked",281
"371","2021","Dec","Tue","Electric",16103
"372","2021","Dec","Wed","Classic",18330
"373","2021","Dec","Wed","Docked",641
"374","2021","Dec","Wed","Electric",25771
"375","2021","Dec","Thu","Classic",19183
"376","2021","Dec","Thu","Docked",753
"377","2021","Dec","Thu","Electric",27831
"378","2021","Dec","Fri","Classic",16731
"379","2021","Dec","Fri","Docked",898
"380","2021","Dec","Fri","Electric",24809
"381","2021","Dec","Sat","Classic",11937
"382","2021","Dec","Sat","Docked",1036
"383","2021","Dec","Sat","Electric",17183
"384","2022","Jan","Sun","Classic",5810
"385","2022","Jan","Sun","Docked",162
"386","2022","Jan","Sun","Electric",5537
"387","2022","Jan","Mon","Classic",8281
"388","2022","Jan","Mon","Docked",95
"389","2022","Jan","Mon","Electric",7427
"390","2022","Jan","Tue","Classic",8472
"391","2022","Jan","Tue","Docked",98
"392","2022","Jan","Tue","Electric",7579
"393","2022","Jan","Wed","Classic",8450
"394","2022","Jan","Wed","Docked",125
"395","2022","Jan","Wed","Electric",6599
"396","2022","Jan","Thu","Classic",8970
"397","2022","Jan","Thu","Docked",107
"398","2022","Jan","Thu","Electric",7477
"399","2022","Jan","Fri","Classic",7585
"400","2022","Jan","Fri","Docked",114
"401","2022","Jan","Fri","Electric",6112
"402","2022","Jan","Sat","Classic",7499
"403","2022","Jan","Sat","Docked",260
"404","2022","Jan","Sat","Electric",7011
"405","2022","Feb","Sun","Classic",8104
"406","2022","Feb","Sun","Docked",402
"407","2022","Feb","Sun","Electric",7386
"408","2022","Feb","Mon","Classic",12093
"409","2022","Feb","Mon","Docked",288
"410","2022","Feb","Mon","Electric",10399
"411","2022","Feb","Tue","Classic",9930
"412","2022","Feb","Tue","Docked",154
"413","2022","Feb","Tue","Electric",8962
"414","2022","Feb","Wed","Classic",8873
"415","2022","Feb","Wed","Docked",111
"416","2022","Feb","Wed","Electric",8248
"417","2022","Feb","Thu","Classic",6876
"418","2022","Feb","Thu","Docked",69
"419","2022","Feb","Thu","Electric",6569
"420","2022","Feb","Fri","Classic",7300
"421","2022","Feb","Fri","Docked",131
"422","2022","Feb","Fri","Electric",7227
"423","2022","Feb","Sat","Classic",6238
"424","2022","Feb","Sat","Docked",206
"425","2022","Feb","Sat","Electric",6043
"426","2022","Mar","Sun","Classic",18097
"427","2022","Mar","Sun","Docked",1967
"428","2022","Mar","Sun","Electric",18579
"429","2022","Mar","Mon","Classic",21171
"430","2022","Mar","Mon","Docked",1569
"431","2022","Mar","Mon","Electric",21158
"432","2022","Mar","Tue","Classic",21003
"433","2022","Mar","Tue","Docked",746
"434","2022","Mar","Tue","Electric",22811
"435","2022","Mar","Wed","Classic",24295
"436","2022","Mar","Wed","Docked",1206
"437","2022","Mar","Wed","Electric",24996
"438","2022","Mar","Thu","Classic",20235
"439","2022","Mar","Thu","Docked",896
"440","2022","Mar","Thu","Electric",23034
"441","2022","Mar","Fri","Classic",12049
"442","2022","Mar","Fri","Docked",536
"443","2022","Mar","Fri","Electric",15063
"444","2022","Mar","Sat","Classic",17589
"445","2022","Mar","Sat","Docked",1438
"446","2022","Mar","Sat","Electric",15604
"447","2022","Apr","Sun","Classic",20465
"448","2022","Apr","Sun","Docked",2204
"449","2022","Apr","Sun","Electric",22176
"450","2022","Apr","Mon","Classic",20803
"451","2022","Apr","Mon","Docked",992
"452","2022","Apr","Mon","Electric",24199
"453","2022","Apr","Tue","Classic",25315
"454","2022","Apr","Tue","Docked",1093
"455","2022","Apr","Tue","Electric",28574
"456","2022","Apr","Wed","Classic",18635
"457","2022","Apr","Wed","Docked",687
"458","2022","Apr","Wed","Electric",23522
"459","2022","Apr","Thu","Classic",23959
"460","2022","Apr","Thu","Docked",1390
"461","2022","Apr","Thu","Electric",30025
"462","2022","Apr","Fri","Classic",21866
"463","2022","Apr","Fri","Docked",1441
"464","2022","Apr","Fri","Electric",29506
"465","2022","Apr","Sat","Classic",35669
"466","2022","Apr","Sat","Docked",4309
"467","2022","Apr","Sat","Electric",34419
"468","2022","May","Sun","Classic",53510
"469","2022","May","Sun","Docked",6134
"470","2022","May","Sun","Electric",44451
"471","2022","May","Mon","Classic",56559
"472","2022","May","Mon","Docked",4891
"473","2022","May","Mon","Electric",48080
"474","2022","May","Tue","Classic",48597
"475","2022","May","Tue","Docked",2923
"476","2022","May","Tue","Electric",43090
"477","2022","May","Wed","Classic",33467
"478","2022","May","Wed","Docked",1688
"479","2022","May","Wed","Electric",34008
"480","2022","May","Thu","Classic",42851
"481","2022","May","Thu","Docked",2564
"482","2022","May","Thu","Electric",39647
"483","2022","May","Fri","Classic",37286
"484","2022","May","Fri","Docked",2501
"485","2022","May","Fri","Electric",34761
"486","2022","May","Sat","Classic",51776
"487","2022","May","Sat","Docked",5708
"488","2022","May","Sat","Electric",40366
"489","2022","Jun","Sun","Classic",60540
"490","2022","Jun","Sun","Docked",6682
"491","2022","Jun","Sun","Electric",47691
"492","2022","Jun","Mon","Classic",44398
"493","2022","Jun","Mon","Docked",3181
"494","2022","Jun","Mon","Electric",36217
"495","2022","Jun","Tue","Classic",51078
"496","2022","Jun","Tue","Docked",2873
"497","2022","Jun","Tue","Electric",39860
"498","2022","Jun","Wed","Classic",62627
"499","2022","Jun","Wed","Docked",3382
"500","2022","Jun","Wed","Electric",51175
"501","2022","Jun","Thu","Classic",68274
"502","2022","Jun","Thu","Docked",4203
"503","2022","Jun","Thu","Electric",59002
"504","2022","Jun","Fri","Classic",59567
"505","2022","Jun","Fri","Docked",4305
"506","2022","Jun","Fri","Electric",49318
"507","2022","Jun","Sat","Classic",60176
"508","2022","Jun","Sat","Docked",6014
"509","2022","Jun","Sat","Electric",48641
"510","2022","Jul","Sun","Classic",62933
"511","2022","Jul","Sun","Docked",6988
"512","2022","Jul","Sun","Electric",67110
"513","2022","Jul","Mon","Classic",42836
"514","2022","Jul","Mon","Docked",3715
"515","2022","Jul","Mon","Electric",47270
"516","2022","Jul","Tue","Classic",45444
"517","2022","Jul","Tue","Docked",2858
"518","2022","Jul","Tue","Electric",50677
"519","2022","Jul","Wed","Classic",46386
"520","2022","Jul","Wed","Docked",2827
"521","2022","Jul","Wed","Electric",53248
"522","2022","Jul","Thu","Classic",48206
"523","2022","Jul","Thu","Docked",2871
"524","2022","Jul","Thu","Electric",57871
"525","2022","Jul","Fri","Classic",50539
"526","2022","Jul","Fri","Docked",3695
"527","2022","Jul","Fri","Electric",63915
"528","2022","Jul","Sat","Classic",76829
"529","2022","Jul","Sat","Docked",8101
"530","2022","Jul","Sat","Electric",79169
"531","2022","Aug","Sun","Classic",39513
"532","2022","Aug","Sun","Docked",4011
"533","2022","Aug","Sun","Electric",47602
"534","2022","Aug","Mon","Classic",46979
"535","2022","Aug","Mon","Docked",3025
"536","2022","Aug","Mon","Electric",54961
"537","2022","Aug","Tue","Classic",56935
"538","2022","Aug","Tue","Docked",3656
"539","2022","Aug","Tue","Electric",67636
"540","2022","Aug","Wed","Classic",55798
"541","2022","Aug","Wed","Docked",3312
"542","2022","Aug","Wed","Electric",68994
"543","2022","Aug","Thu","Classic",43560
"544","2022","Aug","Thu","Docked",2659
"545","2022","Aug","Thu","Electric",53644
"546","2022","Aug","Fri","Classic",49357
"547","2022","Aug","Fri","Docked",4334
"548","2022","Aug","Fri","Electric",61880
"549","2022","Aug","Sat","Classic",51908
"550","2022","Aug","Sat","Docked",5326
"551","2022","Aug","Sat","Electric",60842
"552","2022","Sep","Sun","Classic",32568
"553","2022","Sep","Sun","Docked",2924
"554","2022","Sep","Sun","Electric",36502
"555","2022","Sep","Mon","Classic",35389
"556","2022","Sep","Mon","Docked",2462
"557","2022","Sep","Mon","Electric",40623
"558","2022","Sep","Tue","Classic",38635
"559","2022","Sep","Tue","Docked",1702
"560","2022","Sep","Tue","Electric",46282
"561","2022","Sep","Wed","Classic",41383
"562","2022","Sep","Wed","Docked",1968
"563","2022","Sep","Wed","Electric",51660
"564","2022","Sep","Thu","Classic",51992
"565","2022","Sep","Thu","Docked",2429
"566","2022","Sep","Thu","Electric",68009
"567","2022","Sep","Fri","Classic",53812
"568","2022","Sep","Fri","Docked",3381
"569","2022","Sep","Fri","Electric",71522
"570","2022","Sep","Sat","Classic",52363
"571","2022","Sep","Sat","Docked",4960
"572","2022","Sep","Sat","Electric",60773
"573","2022","Oct","Sun","Classic",36532
"574","2022","Oct","Sun","Docked",3023
"575","2022","Oct","Sun","Electric",55492
"576","2022","Oct","Mon","Classic",34412
"577","2022","Oct","Mon","Docked",1648
"578","2022","Oct","Mon","Electric",49463
"579","2022","Oct","Tue","Classic",21639
"580","2022","Oct","Tue","Docked",714
"581","2022","Oct","Tue","Electric",33089
"582","2022","Oct","Wed","Classic",26902
"583","2022","Oct","Wed","Docked",973
"584","2022","Oct","Wed","Electric",41611
"585","2022","Oct","Thu","Classic",26547
"586","2022","Oct","Thu","Docked",1167
"587","2022","Oct","Thu","Electric",44110
"588","2022","Oct","Fri","Classic",25664
"589","2022","Oct","Fri","Docked",1677
"590","2022","Oct","Fri","Electric",43663
"591","2022","Oct","Sat","Classic",41864
"592","2022","Oct","Sat","Docked",3412
"593","2022","Oct","Sat","Electric",65083
"594","2022","Nov","Sun","Classic",14645
"595","2022","Nov","Sun","Docked",912
"596","2022","Nov","Sun","Electric",18147
"597","2022","Nov","Mon","Classic",18755
"598","2022","Nov","Mon","Docked",512
"599","2022","Nov","Mon","Electric",23338
"600","2022","Nov","Tue","Classic",26115
"601","2022","Nov","Tue","Docked",768
"602","2022","Nov","Tue","Electric",35039
"603","2022","Nov","Wed","Classic",27509
"604","2022","Nov","Wed","Docked",860
"605","2022","Nov","Wed","Electric",36858
"606","2022","Nov","Thu","Classic",25438
"607","2022","Nov","Thu","Docked",1085
"608","2022","Nov","Thu","Electric",30583
"609","2022","Nov","Fri","Classic",19145
"610","2022","Nov","Fri","Docked",929
"611","2022","Nov","Fri","Electric",24788
"612","2022","Nov","Sat","Classic",12994
"613","2022","Nov","Sat","Docked",820
"614","2022","Nov","Sat","Electric",18495
"615","2022","Dec","Sun","Classic",6954
"616","2022","Dec","Sun","Docked",320
"617","2022","Dec","Sun","Electric",10186
"618","2022","Dec","Mon","Classic",9983
"619","2022","Dec","Mon","Docked",157
"620","2022","Dec","Mon","Electric",13685
"621","2022","Dec","Tue","Classic",11328
"622","2022","Dec","Tue","Docked",171
"623","2022","Dec","Tue","Electric",16526
"624","2022","Dec","Wed","Classic",10339
"625","2022","Dec","Wed","Docked",196
"626","2022","Dec","Wed","Electric",15305
"627","2022","Dec","Thu","Classic",14384
"628","2022","Dec","Thu","Docked",334
"629","2022","Dec","Thu","Electric",20554
"630","2022","Dec","Fri","Classic",10765
"631","2022","Dec","Fri","Docked",343
"632","2022","Dec","Fri","Electric",15710
"633","2022","Dec","Sat","Classic",9597
"634","2022","Dec","Sat","Docked",404
"635","2022","Dec","Sat","Electric",14565
"636","2023","Jan","Sun","Classic",10179
"637","2023","Jan","Sun","Docked",395
"638","2023","Jan","Sun","Electric",11792
"639","2023","Jan","Mon","Classic",13558
"640","2023","Jan","Mon","Docked",284
"641","2023","Jan","Mon","Electric",14505
"642","2023","Jan","Tue","Classic",17920
"643","2023","Jan","Tue","Docked",245
"644","2023","Jan","Tue","Electric",18116
"645","2023","Jan","Wed","Classic",14974
"646","2023","Jan","Wed","Docked",208
"647","2023","Jan","Wed","Electric",15539
"648","2023","Jan","Thu","Classic",12550
"649","2023","Jan","Thu","Docked",150
"650","2023","Jan","Thu","Electric",14967
"651","2023","Jan","Fri","Classic",11700
"652","2023","Jan","Fri","Docked",199
"653","2023","Jan","Fri","Electric",13222
"654","2023","Jan","Sat","Classic",9413
"655","2023","Jan","Sat","Docked",257
"656","2023","Jan","Sat","Electric",10128
"657","2023","Feb","Sun","Classic",14522
"658","2023","Feb","Sun","Docked",762
"659","2023","Feb","Sun","Electric",15008
"660","2023","Feb","Mon","Classic",14733
"661","2023","Feb","Mon","Docked",293
"662","2023","Feb","Mon","Electric",16153
"663","2023","Feb","Tue","Classic",16705
"664","2023","Feb","Tue","Docked",277
"665","2023","Feb","Tue","Electric",18502
"666","2023","Feb","Wed","Classic",12332
"667","2023","Feb","Wed","Docked",157
"668","2023","Feb","Wed","Electric",13303
"669","2023","Feb","Thu","Classic",10152
"670","2023","Feb","Thu","Docked",113
"671","2023","Feb","Thu","Electric",11587
"672","2023","Feb","Fri","Classic",10298
"673","2023","Feb","Fri","Docked",165
"674","2023","Feb","Fri","Electric",11098
"675","2023","Feb","Sat","Classic",11146
"676","2023","Feb","Sat","Docked",428
"677","2023","Feb","Sat","Electric",12711
