"","Hour","Rider","Trips"
"1","0","Casual",312
"2","0","Member",1416
"3","1","Casual",224
"4","1","Member",842
"5","2","Casual",137
"6","2","Member",515
"7","3","Casual",101
"8","3","Member",378
"9","4","Casual",58
"10","4","Member",1028
"11","5","Casual",136
"12","5","Member",5165
"13","6","Casual",341
"14","6","Member",14827
"15","7","Casual",757
"16","7","Member",31690
"17","8","Casual",1345
"18","8","Member",41448
"19","9","Casual",1887
"20","9","Member",18971
"21","10","Casual",2758
"22","10","Member",12933
"23","11","Casual",3349
"24","11","Member",15846
"25","12","Casual",4245
"26","12","Member",18215
"27","13","Casual",5015
"28","13","Member",18156
"29","14","Casual",5406
"30","14","Member",17381
"31","15","Casual",5276
"32","15","Member",23120
"33","16","Casual",5110
"34","16","Member",39648
"35","17","Casual",4663
"36","17","Member",48238
"37","18","Casual",2776
"38","18","Member",28281
"39","19","Casual",1639
"40","19","Member",16721
"41","20","Casual",1031
"42","20","Member",9793
"43","21","Casual",903
"44","21","Member",7108
"45","22","Casual",596
"46","22","Member",4277
"47","23","Casual",415
"48","23","Member",2410
"49","0","Casual",120
"50","0","Member",209
"51","1","Casual",61
"52","1","Member",120
"53","2","Casual",43
"54","2","Member",101
"55","3","Casual",20
"56","3","Member",73
"57","4","Casual",30
"58","4","Member",102
"59","5","Casual",54
"60","5","Member",363
"61","6","Casual",151
"62","6","Member",1598
"63","7","Casual",320
"64","7","Member",2273
"65","8","Casual",400
"66","8","Member",2422
"67","9","Casual",585
"68","9","Member",2225
"69","10","Casual",891
"70","10","Member",2626
"71","11","Casual",1503
"72","11","Member",3719
"73","12","Casual",2046
"74","12","Member",4903
"75","13","Casual",2615
"76","13","Member",5189
"77","14","Casual",2830
"78","14","Member",5347
"79","15","Casual",2736
"80","15","Member",5760
"81","16","Casual",2586
"82","16","Member",6278
"83","17","Casual",2533
"84","17","Member",6367
"85","18","Casual",1785
"86","18","Member",4918
"87","19","Casual",1099
"88","19","Member",3262
"89","20","Casual",488
"90","20","Member",1554
"91","21","Casual",317
"92","21","Member",830
"93","22","Casual",260
"94","22","Member",516
"95","23","Casual",155
"96","23","Member",393
"97","0","Casual",920
"98","0","Member",483
"99","1","Casual",569
"100","1","Member",295
"101","2","Casual",323
"102","2","Member",208
"103","3","Casual",157
"104","3","Member",151
"105","4","Casual",104
"106","4","Member",166
"107","5","Casual",232
"108","5","Member",641
"109","6","Casual",538
"110","6","Member",2371
"111","7","Casual",878
"112","7","Member",3581
"113","8","Casual",1335
"114","8","Member",4039
"115","9","Casual",1868
"116","9","Member",3999
"117","10","Casual",3092
"118","10","Member",4983
"119","11","Casual",4712
"120","11","Member",6850
"121","12","Casual",6571
"122","12","Member",8603
"123","13","Casual",7839
"124","13","Member",9075
"125","14","Casual",7906
"126","14","Member",9210
"127","15","Casual",8143
"128","15","Member",9685
"129","16","Casual",8290
"130","16","Member",10469
"131","17","Casual",8988
"132","17","Member",12186
"133","18","Casual",8398
"134","18","Member",10880
"135","19","Casual",6501
"136","19","Member",7256
"137","20","Casual",3975
"138","20","Member",4089
"139","21","Casual",2413
"140","21","Member",2006
"141","22","Casual",1739
"142","22","Member",1372
"143","23","Casual",1418
"144","23","Member",767
"145","0","Casual",1802
"146","0","Member",886
"147","1","Casual",1035
"148","1","Member",433
"149","2","Casual",638
"150","2","Member",257
"151","3","Casual",386
"152","3","Member",164
"153","4","Casual",278
"154","4","Member",267
"155","5","Casual",467
"156","5","Member",1369
"157","6","Casual",1383
"158","6","Member",5081
"159","7","Casual",2503
"160","7","Member",7876
"161","8","Casual",3418
"162","8","Member",8550
"163","9","Casual",4323
"164","9","Member",7762
"165","10","Casual",6303
"166","10","Member",8745
"167","11","Casual",8428
"168","11","Member",10625
"169","12","Casual",10345
"170","12","Member",12499
"171","13","Casual",11612
"172","13","Member",12644
"173","14","Casual",11932
"174","14","Member",12664
"175","15","Casual",12887
"176","15","Member",13544
"177","16","Casual",13906
"178","16","Member",16314
"179","17","Casual",15907
"180","17","Member",19921
"181","18","Casual",15413
"182","18","Member",18557
"183","19","Casual",12383
"184","19","Member",13870
"185","20","Casual",7755
"186","20","Member",7717
"187","21","Casual",4860
"188","21","Member",4233
"189","22","Casual",3780
"190","22","Member",2603
"191","23","Casual",2974
"192","23","Member",1706
"193","0","Casual",6129
"194","0","Member",1790
"195","1","Casual",3921
"196","1","Member",1011
"197","2","Casual",2330
"198","2","Member",474
"199","3","Casual",1135
"200","3","Member",314
"201","4","Casual",807
"202","4","Member",503
"203","5","Casual",1180
"204","5","Member",2917
"205","6","Casual",2358
"206","6","Member",7950
"207","7","Casual",4014
"208","7","Member",12753
"209","8","Casual",5420
"210","8","Member",14016
"211","9","Casual",7030
"212","9","Member",11898
"213","10","Casual",9651
"214","10","Member",11959
"215","11","Casual",12921
"216","11","Member",14330
"217","12","Casual",15249
"218","12","Member",16493
"219","13","Casual",15975
"220","13","Member",15803
"221","14","Casual",17461
"222","14","Member",16120
"223","15","Casual",18711
"224","15","Member",18132
"225","16","Casual",20795
"226","16","Member",22855
"227","17","Casual",25238
"228","17","Member",29717
"229","18","Casual",25237
"230","18","Member",27885
"231","19","Casual",21647
"232","19","Member",21436
"233","20","Casual",18074
"234","20","Member",15329
"235","21","Casual",13239
"236","21","Member",8981
"237","22","Casual",11369
"238","22","Member",5604
"239","23","Casual",9405
"240","23","Member",3914
"241","0","Casual",4706
"242","0","Member",2003
"243","1","Casual",2931
"244","1","Member",1096
"245","2","Casual",1650
"246","2","Member",587
"247","3","Casual",785
"248","3","Member",346
"249","4","Casual",707
"250","4","Member",505
"251","5","Casual",1145
"252","5","Member",2475
"253","6","Casual",2806
"254","6","Member",9236
"255","7","Casual",4788
"256","7","Member",14844
"257","8","Casual",6522
"258","8","Member",16474
"259","9","Casual",8820
"260","9","Member",14579
"261","10","Casual",12210
"262","10","Member",15680
"263","11","Casual",16593
"264","11","Member",18591
"265","12","Casual",19579
"266","12","Member",21597
"267","13","Casual",20881
"268","13","Member",21147
"269","14","Casual",22175
"270","14","Member",20243
"271","15","Casual",22036
"272","15","Member",22264
"273","16","Casual",23883
"274","16","Member",26712
"275","17","Casual",27068
"276","17","Member",33921
"277","18","Casual",25565
"278","18","Member",31488
"279","19","Casual",22444
"280","19","Member",24911
"281","20","Casual",15559
"282","20","Member",15825
"283","21","Casual",10393
"284","21","Member",8350
"285","22","Casual",9121
"286","22","Member",5925
"287","23","Casual",7294
"288","23","Member",3901
"289","0","Casual",3708
"290","0","Member",1903
"291","1","Casual",2112
"292","1","Member",962
"293","2","Casual",1130
"294","2","Member",517
"295","3","Casual",629
"296","3","Member",303
"297","4","Casual",494
"298","4","Member",479
"299","5","Casual",794
"300","5","Member",2319
"301","6","Casual",1970
"302","6","Member",8118
"303","7","Casual",3742
"304","7","Member",14440
"305","8","Casual",5160
"306","8","Member",15379
"307","9","Casual",6460
"308","9","Member",12357
"309","10","Casual",9229
"310","10","Member",13152
"311","11","Casual",13112
"312","11","Member",16638
"313","12","Casual",15201
"314","12","Member",18868
"315","13","Casual",16270
"316","13","Member",17996
"317","14","Casual",16991
"318","14","Member",17837
"319","15","Casual",19135
"320","15","Member",21013
"321","16","Casual",20794
"322","16","Member",26289
"323","17","Casual",24187
"324","17","Member",33959
"325","18","Casual",22401
"326","18","Member",30356
"327","19","Casual",14912
"328","19","Member",19858
"329","20","Casual",9650
"330","20","Member",11359
"331","21","Casual",7873
"332","21","Member",7761
"333","22","Casual",8018
"334","22","Member",6175
"335","23","Casual",6720
"336","23","Member",4228
"337","0","Casual",2097
"338","0","Member",1679
"339","1","Casual",1428
"340","1","Member",1030
"341","2","Casual",677
"342","2","Member",497
"343","3","Casual",412
"344","3","Member",286
"345","4","Casual",316
"346","4","Member",399
"347","5","Casual",524
"348","5","Member",1952
"349","6","Casual",1403
"350","6","Member",6500
"351","7","Casual",2774
"352","7","Member",12137
"353","8","Casual",3888
"354","8","Member",13506
"355","9","Casual",4771
"356","9","Member",10883
"357","10","Casual",6813
"358","10","Member",10849
"359","11","Casual",8930
"360","11","Member",13486
"361","12","Casual",10592
"362","12","Member",15432
"363","13","Casual",10952
"364","13","Member",15020
"365","14","Casual",11768
"366","14","Member",15373
"367","15","Casual",12597
"368","15","Member",17074
"369","16","Casual",13648
"370","16","Member",21963
"371","17","Casual",15550
"372","17","Member",27832
"373","18","Casual",12270
"374","18","Member",23020
"375","19","Casual",7266
"376","19","Member",13661
"377","20","Casual",4992
"378","20","Member",8294
"379","21","Casual",4098
"380","21","Member",5679
"381","22","Casual",4097
"382","22","Member",4237
"383","23","Casual",3149
"384","23","Member",2852
"385","0","Casual",1007
"386","0","Member",1018
"387","1","Casual",717
"388","1","Member",622
"389","2","Casual",344
"390","2","Member",353
"391","3","Casual",213
"392","3","Member",215
"393","4","Casual",242
"394","4","Member",352
"395","5","Casual",371
"396","5","Member",1454
"397","6","Casual",998
"398","6","Member",4724
"399","7","Casual",1743
"400","7","Member",8284
"401","8","Casual",2325
"402","8","Member",9005
"403","9","Casual",2931
"404","9","Member",7807
"405","10","Casual",4263
"406","10","Member",8155
"407","11","Casual",5698
"408","11","Member",10765
"409","12","Casual",7279
"410","12","Member",12531
"411","13","Casual",8178
"412","13","Member",12918
"413","14","Casual",8840
"414","14","Member",13008
"415","15","Casual",9698
"416","15","Member",14580
"417","16","Casual",8906
"418","16","Member",16711
"419","17","Casual",6865
"420","17","Member",16377
"421","18","Casual",5154
"422","18","Member",12164
"423","19","Casual",3723
"424","19","Member",8070
"425","20","Casual",2827
"426","20","Member",5195
"427","21","Casual",2129
"428","21","Member",3323
"429","22","Casual",2115
"430","22","Member",2416
"431","23","Casual",1533
"432","23","Member",1570
"433","0","Casual",366
"434","0","Member",529
"435","1","Casual",222
"436","1","Member",287
"437","2","Casual",123
"438","2","Member",188
"439","3","Casual",91
"440","3","Member",123
"441","4","Casual",123
"442","4","Member",237
"443","5","Casual",192
"444","5","Member",1008
"445","6","Casual",403
"446","6","Member",3031
"447","7","Casual",669
"448","7","Member",5154
"449","8","Casual",895
"450","8","Member",5513
"451","9","Casual",1063
"452","9","Member",4740
"453","10","Casual",1471
"454","10","Member",4960
"455","11","Casual",2120
"456","11","Member",6624
"457","12","Casual",2668
"458","12","Member",7625
"459","13","Casual",2760
"460","13","Member",7723
"461","14","Casual",3129
"462","14","Member",7962
"463","15","Casual",2963
"464","15","Member",8695
"465","16","Casual",2715
"466","16","Member",9193
"467","17","Casual",2261
"468","17","Member",8973
"469","18","Casual",1848
"470","18","Member",7076
"471","19","Casual",1245
"472","19","Member",4742
"473","20","Casual",913
"474","20","Member",3031
"475","21","Casual",760
"476","21","Member",1871
"477","22","Casual",620
"478","22","Member",1298
"479","23","Casual",460
"480","23","Member",910
"481","0","Casual",281
"482","0","Member",453
"483","1","Casual",185
"484","1","Member",256
"485","2","Casual",136
"486","2","Member",204
"487","3","Casual",79
"488","3","Member",116
"489","4","Casual",103
"490","4","Member",163
"491","5","Casual",127
"492","5","Member",857
"493","6","Casual",231
"494","6","Member",2568
"495","7","Casual",417
"496","7","Member",4195
"497","8","Casual",571
"498","8","Member",4575
"499","9","Casual",672
"500","9","Member",3479
"501","10","Casual",884
"502","10","Member",3783
"503","11","Casual",1153
"504","11","Member",4745
"505","12","Casual",1413
"506","12","Member",5498
"507","13","Casual",1564
"508","13","Member",5745
"509","14","Casual",1564
"510","14","Member",5706
"511","15","Casual",1670
"512","15","Member",6244
"513","16","Casual",1640
"514","16","Member",6867
"515","17","Casual",1492
"516","17","Member",7359
"517","18","Casual",1172
"518","18","Member",6059
"519","19","Casual",868
"520","19","Member",4044
"521","20","Casual",599
"522","20","Member",2419
"523","21","Casual",472
"524","21","Member",1474
"525","22","Casual",492
"526","22","Member",1104
"527","23","Casual",332
"528","23","Member",804
"529","0","Casual",139
"530","0","Member",214
"531","1","Casual",90
"532","1","Member",113
"533","2","Casual",38
"534","2","Member",62
"535","3","Casual",41
"536","3","Member",60
"537","4","Casual",35
"538","4","Member",93
"539","5","Casual",56
"540","5","Member",571
"541","6","Casual",79
"542","6","Member",1213
"543","7","Casual",194
"544","7","Member",2085
"545","8","Casual",221
"546","8","Member",2111
"547","9","Casual",258
"548","9","Member",1598
"549","10","Casual",412
"550","10","Member",1772
"551","11","Casual",598
"552","11","Member",2262
"553","12","Casual",867
"554","12","Member",2714
"555","13","Casual",906
"556","13","Member",2869
"557","14","Casual",980
"558","14","Member",2933
"559","15","Casual",987
"560","15","Member",3157
"561","16","Casual",1076
"562","16","Member",3562
"563","17","Casual",1035
"564","17","Member",4088
"565","18","Casual",691
"566","18","Member",3152
"567","19","Casual",416
"568","19","Member",1950
"569","20","Casual",291
"570","20","Member",1142
"571","21","Casual",232
"572","21","Member",714
"573","22","Casual",225
"574","22","Member",565
"575","23","Casual",264
"576","23","Member",491
"577","0","Casual",1210
"578","0","Member",971
"579","1","Casual",769
"580","1","Member",598
"581","2","Casual",272
"582","2","Member",220
"583","3","Casual",181
"584","3","Member",185
"585","4","Casual",205
"586","4","Member",322
"587","5","Casual",273
"588","5","Member",1411
"589","6","Casual",590
"590","6","Member",4090
"591","7","Casual",1158
"592","7","Member",7252
"593","8","Casual",1685
"594","8","Member",7532
"595","9","Casual",2066
"596","9","Member",6024
"597","10","Casual",3265
"598","10","Member",6243
"599","11","Casual",5046
"600","11","Member",7981
"601","12","Casual",6582
"602","12","Member",10060
"603","13","Casual",7442
"604","13","Member",10283
"605","14","Casual",8152
"606","14","Member",10019
"607","15","Casual",8298
"608","15","Member",11131
"609","16","Casual",8585
"610","16","Member",13478
"611","17","Casual",9252
"612","17","Member",15720
"613","18","Casual",6552
"614","18","Member",12311
"615","19","Casual",4078
"616","19","Member",7754
"617","20","Casual",2720
"618","20","Member",4384
"619","21","Casual",2152
"620","21","Member",2874
"621","22","Casual",1974
"622","22","Member",2060
"623","23","Casual",1526
"624","23","Member",1560
"625","0","Casual",2495
"626","0","Member",1827
"627","1","Casual",1631
"628","1","Member",1076
"629","2","Casual",653
"630","2","Member",441
"631","3","Casual",352
"632","3","Member",307
"633","4","Casual",342
"634","4","Member",429
"635","5","Casual",469
"636","5","Member",1801
"637","6","Casual",1029
"638","6","Member",5014
"639","7","Casual",1803
"640","7","Member",9166
"641","8","Casual",2673
"642","8","Member",9982
"643","9","Casual",3406
"644","9","Member",8135
"645","10","Casual",5049
"646","10","Member",8169
"647","11","Casual",6831
"648","11","Member",10002
"649","12","Casual",9117
"650","12","Member",12429
"651","13","Casual",9927
"652","13","Member",12097
"653","14","Casual",10522
"654","14","Member",12276
"655","15","Casual",11055
"656","15","Member",13948
"657","16","Casual",12478
"658","16","Member",17242
"659","17","Casual",15093
"660","17","Member",22355
"661","18","Casual",13368
"662","18","Member",19992
"663","19","Casual",9740
"664","19","Member",13649
"665","20","Casual",5891
"666","20","Member",8028
"667","21","Casual",4915
"668","21","Member",5351
"669","22","Casual",4430
"670","22","Member",4058
"671","23","Casual",3332
"672","23","Member",2855
"673","0","Casual",5481
"674","0","Member",3102
"675","1","Casual",3954
"676","1","Member",1990
"677","2","Casual",2191
"678","2","Member",1089
"679","3","Casual",1177
"680","3","Member",565
"681","4","Casual",700
"682","4","Member",614
"683","5","Casual",893
"684","5","Member",2407
"685","6","Casual",1841
"686","6","Member",6353
"687","7","Casual",3296
"688","7","Member",11870
"689","8","Casual",5053
"690","8","Member",13424
"691","9","Casual",6921
"692","9","Member",11172
"693","10","Casual",10573
"694","10","Member",12049
"695","11","Casual",13908
"696","11","Member",14225
"697","12","Casual",17718
"698","12","Member",16818
"699","13","Casual",19221
"700","13","Member",17039
"701","14","Casual",19991
"702","14","Member",16768
"703","15","Casual",20471
"704","15","Member",18779
"705","16","Casual",22560
"706","16","Member",23268
"707","17","Casual",24708
"708","17","Member",29079
"709","18","Casual",21566
"710","18","Member",24880
"711","19","Casual",16447
"712","19","Member",18085
"713","20","Casual",12281
"714","20","Member",12133
"715","21","Casual",10022
"716","21","Member",8337
"717","22","Casual",8794
"718","22","Member",6152
"719","23","Casual",7149
"720","23","Member",4519
"721","0","Casual",9163
"722","0","Member",4409
"723","1","Casual",6627
"724","1","Member",2892
"725","2","Casual",4731
"726","2","Member",1752
"727","3","Casual",2361
"728","3","Member",991
"729","4","Casual",1627
"730","4","Member",983
"731","5","Casual",1660
"732","5","Member",3506
"733","6","Casual",3238
"734","6","Member",9504
"735","7","Casual",5591
"736","7","Member",16698
"737","8","Casual",8087
"738","8","Member",18951
"739","9","Casual",10065
"740","9","Member",14017
"741","10","Casual",13804
"742","10","Member",13966
"743","11","Casual",17867
"744","11","Member",16516
"745","12","Casual",21189
"746","12","Member",18547
"747","13","Casual",22888
"748","13","Member",18382
"749","14","Casual",23549
"750","14","Member",18074
"751","15","Casual",24140
"752","15","Member",20414
"753","16","Casual",28447
"754","16","Member",28394
"755","17","Casual",35124
"756","17","Member",38622
"757","18","Casual",32444
"758","18","Member",34596
"759","19","Casual",28275
"760","19","Member",27260
"761","20","Casual",22809
"762","20","Member",19257
"763","21","Casual",18022
"764","21","Member",13888
"765","22","Casual",16468
"766","22","Member",10405
"767","23","Casual",12505
"768","23","Member",6890
"769","0","Casual",9782
"770","0","Member",4666
"771","1","Casual",7570
"772","1","Member",3361
"773","2","Casual",5470
"774","2","Member",2077
"775","3","Casual",2977
"776","3","Member",1071
"777","4","Casual",1771
"778","4","Member",1154
"779","5","Casual",2111
"780","5","Member",3622
"781","6","Casual",4338
"782","6","Member",10209
"783","7","Casual",7249
"784","7","Member",17652
"785","8","Casual",10002
"786","8","Member",20121
"787","9","Casual",12306
"788","9","Member",15213
"789","10","Casual",16958
"790","10","Member",14949
"791","11","Casual",22422
"792","11","Member",17991
"793","12","Casual",27506
"794","12","Member",20928
"795","13","Casual",29099
"796","13","Member",20479
"797","14","Casual",29765
"798","14","Member",20146
"799","15","Casual",30787
"800","15","Member",22604
"801","16","Casual",33378
"802","16","Member",29837
"803","17","Casual",38730
"804","17","Member",39396
"805","18","Casual",37968
"806","18","Member",34776
"807","19","Casual",31416
"808","19","Member",26791
"809","20","Casual",24830
"810","20","Member",19449
"811","21","Casual",20967
"812","21","Member",14427
"813","22","Casual",19614
"814","22","Member",11505
"815","23","Casual",15040
"816","23","Member",7930
"817","0","Casual",9032
"818","0","Member",4589
"819","1","Casual",6703
"820","1","Member",3119
"821","2","Casual",4503
"822","2","Member",1876
"823","3","Casual",2604
"824","3","Member",1058
"825","4","Casual",1845
"826","4","Member",1208
"827","5","Casual",2256
"828","5","Member",4000
"829","6","Casual",4452
"830","6","Member",11022
"831","7","Casual",7954
"832","7","Member",19525
"833","8","Casual",10517
"834","8","Member",22506
"835","9","Casual",12239
"836","9","Member",16174
"837","10","Casual",16973
"838","10","Member",15865
"839","11","Casual",22060
"840","11","Member",19048
"841","12","Casual",25582
"842","12","Member",22241
"843","13","Casual",27659
"844","13","Member",21126
"845","14","Casual",28129
"846","14","Member",20460
"847","15","Casual",29844
"848","15","Member",24035
"849","16","Casual",32452
"850","16","Member",32269
"851","17","Casual",39201
"852","17","Member",41777
"853","18","Casual",35756
"854","18","Member",35465
"855","19","Casual",28567
"856","19","Member",26519
"857","20","Casual",20277
"858","20","Member",18021
"859","21","Casual",17287
"860","21","Member",13223
"861","22","Casual",15037
"862","22","Member",9822
"863","23","Casual",11742
"864","23","Member",6733
"865","0","Casual",7490
"866","0","Member",4233
"867","1","Casual",4990
"868","1","Member",2630
"869","2","Casual",3119
"870","2","Member",1471
"871","3","Casual",1846
"872","3","Member",872
"873","4","Casual",1464
"874","4","Member",1064
"875","5","Casual",1930
"876","5","Member",3697
"877","6","Casual",4316
"878","6","Member",10874
"879","7","Casual",7927
"880","7","Member",19820
"881","8","Casual",10332
"882","8","Member",22626
"883","9","Casual",11967
"884","9","Member",16951
"885","10","Casual",15578
"886","10","Member",16176
"887","11","Casual",19817
"888","11","Member",19298
"889","12","Casual",22854
"890","12","Member",22546
"891","13","Casual",23935
"892","13","Member",21185
"893","14","Casual",24126
"894","14","Member",20916
"895","15","Casual",26697
"896","15","Member",24946
"897","16","Casual",29454
"898","16","Member",33582
"899","17","Casual",34730
"900","17","Member",41852
"901","18","Casual",32142
"902","18","Member",35933
"903","19","Casual",23313
"904","19","Member",24738
"905","20","Casual",16008
"906","20","Member",16406
"907","21","Casual",14465
"908","21","Member",13117
"909","22","Casual",14570
"910","22","Member",10360
"911","23","Casual",10820
"912","23","Member",6964
"913","0","Casual",5570
"914","0","Member",4446
"915","1","Casual",4327
"916","1","Member",3130
"917","2","Casual",2809
"918","2","Member",1846
"919","3","Casual",1503
"920","3","Member",1041
"921","4","Casual",1034
"922","4","Member",958
"923","5","Casual",1494
"924","5","Member",3476
"925","6","Casual",3018
"926","6","Member",8998
"927","7","Casual",6119
"928","7","Member",17918
"929","8","Casual",8392
"930","8","Member",22704
"931","9","Casual",9929
"932","9","Member",17650
"933","10","Casual",13162
"934","10","Member",17053
"935","11","Casual",16125
"936","11","Member",20135
"937","12","Casual",17249
"938","12","Member",22415
"939","13","Casual",17955
"940","13","Member",21751
"941","14","Casual",18163
"942","14","Member",20718
"943","15","Casual",19590
"944","15","Member",24086
"945","16","Casual",20119
"946","16","Member",31098
"947","17","Casual",22370
"948","17","Member",38463
"949","18","Casual",19714
"950","18","Member",31973
"951","19","Casual",13797
"952","19","Member",21526
"953","20","Casual",9716
"954","20","Member",14753
"955","21","Casual",9264
"956","21","Member",12092
"957","22","Casual",8845
"958","22","Member",9222
"959","23","Casual",6978
"960","23","Member",6532
"961","0","Casual",1941
"962","0","Member",2448
"963","1","Casual",1456
"964","1","Member",1571
"965","2","Casual",941
"966","2","Member",805
"967","3","Casual",563
"968","3","Member",529
"969","4","Casual",444
"970","4","Member",639
"971","5","Casual",743
"972","5","Member",2665
"973","6","Casual",1595
"974","6","Member",7107
"975","7","Casual",3112
"976","7","Member",13853
"977","8","Casual",3558
"978","8","Member",16828
"979","9","Casual",3908
"980","9","Member",11954
"981","10","Casual",4902
"982","10","Member",11136
"983","11","Casual",5943
"984","11","Member",13099
"985","12","Casual",7111
"986","12","Member",15134
"987","13","Casual",7658
"988","13","Member",15335
"989","14","Casual",8077
"990","14","Member",15148
"991","15","Casual",9165
"992","15","Member",18351
"993","16","Casual",9212
"994","16","Member",22496
"995","17","Casual",9345
"996","17","Member",25246
"997","18","Casual",7832
"998","18","Member",19558
"999","19","Casual",5786
"1000","19","Member",13295
"1001","20","Casual",4050
"1002","20","Member",9494
"1003","21","Casual",3640
"1004","21","Member",7160
"1005","22","Casual",3448
"1006","22","Member",5472
"1007","23","Casual",2499
"1008","23","Member",3726
"1009","0","Casual",1329
"1010","0","Member",1780
"1011","1","Casual",973
"1012","1","Member",1187
"1013","2","Casual",697
"1014","2","Member",617
"1015","3","Casual",394
"1016","3","Member",365
"1017","4","Casual",385
"1018","4","Member",516
"1019","5","Casual",536
"1020","5","Member",2025
"1021","6","Casual",1004
"1022","6","Member",4891
"1023","7","Casual",1894
"1024","7","Member",9654
"1025","8","Casual",2443
"1026","8","Member",11884
"1027","9","Casual",2429
"1028","9","Member",8488
"1029","10","Casual",3139
"1030","10","Member",8081
"1031","11","Casual",4157
"1032","11","Member",10014
"1033","12","Casual",4882
"1034","12","Member",11330
"1035","13","Casual",5183
"1036","13","Member",11606
"1037","14","Casual",5470
"1038","14","Member",11548
"1039","15","Casual",5908
"1040","15","Member",13395
"1041","16","Casual",5891
"1042","16","Member",15448
"1043","17","Casual",5468
"1044","17","Member",16332
"1045","18","Casual",4612
"1046","18","Member",12750
"1047","19","Casual",3608
"1048","19","Member",8662
"1049","20","Casual",2641
"1050","20","Member",6144
"1051","21","Casual",2377
"1052","21","Member",4537
"1053","22","Casual",2420
"1054","22","Member",3852
"1055","23","Casual",1898
"1056","23","Member",2696
"1057","0","Casual",434
"1058","0","Member",648
"1059","1","Casual",402
"1060","1","Member",456
"1061","2","Casual",329
"1062","2","Member",334
"1063","3","Casual",142
"1064","3","Member",195
"1065","4","Casual",98
"1066","4","Member",254
"1067","5","Casual",160
"1068","5","Member",1288
"1069","6","Casual",279
"1070","6","Member",2610
"1071","7","Casual",514
"1072","7","Member",4738
"1073","8","Casual",603
"1074","8","Member",5517
"1075","9","Casual",619
"1076","9","Member",3839
"1077","10","Casual",877
"1078","10","Member",3577
"1079","11","Casual",1052
"1080","11","Member",4453
"1081","12","Casual",1253
"1082","12","Member",5229
"1083","13","Casual",1239
"1084","13","Member",5211
"1085","14","Casual",1379
"1086","14","Member",5230
"1087","15","Casual",1484
"1088","15","Member",6404
"1089","16","Casual",1548
"1090","16","Member",8022
"1091","17","Casual",1536
"1092","17","Member",8743
"1093","18","Casual",1334
"1094","18","Member",6482
"1095","19","Casual",944
"1096","19","Member",4539
"1097","20","Casual",670
"1098","20","Member",2880
"1099","21","Casual",628
"1100","21","Member",2121
"1101","22","Casual",536
"1102","22","Member",1498
"1103","23","Casual",460
"1104","23","Member",982
"1105","0","Casual",331
"1106","0","Member",627
"1107","1","Casual",249
"1108","1","Member",433
"1109","2","Casual",168
"1110","2","Member",315
"1111","3","Casual",116
"1112","3","Member",158
"1113","4","Casual",102
"1114","4","Member",288
"1115","5","Casual",185
"1116","5","Member",1261
"1117","6","Casual",324
"1118","6","Member",2758
"1119","7","Casual",604
"1120","7","Member",5767
"1121","8","Casual",791
"1122","8","Member",6777
"1123","9","Casual",689
"1124","9","Member",4449
"1125","10","Casual",862
"1126","10","Member",3901
"1127","11","Casual",1154
"1128","11","Member",4738
"1129","12","Casual",1408
"1130","12","Member",5854
"1131","13","Casual",1564
"1132","13","Member",5715
"1133","14","Casual",1665
"1134","14","Member",5691
"1135","15","Casual",1886
"1136","15","Member",6656
"1137","16","Casual",1993
"1138","16","Member",8560
"1139","17","Casual",2009
"1140","17","Member",9754
"1141","18","Casual",1488
"1142","18","Member",7068
"1143","19","Casual",1113
"1144","19","Member",4847
"1145","20","Casual",762
"1146","20","Member",3053
"1147","21","Casual",751
"1148","21","Member",2528
"1149","22","Casual",697
"1150","22","Member",1800
"1151","23","Casual",505
"1152","23","Member",1195
"1153","0","Casual",1069
"1154","0","Member",1423
"1155","1","Casual",743
"1156","1","Member",827
"1157","2","Casual",450
"1158","2","Member",454
"1159","3","Casual",301
"1160","3","Member",400
"1161","4","Casual",226
"1162","4","Member",460
"1163","5","Casual",423
"1164","5","Member",2074
"1165","6","Casual",945
"1166","6","Member",5363
"1167","7","Casual",2133
"1168","7","Member",11730
"1169","8","Casual",2850
"1170","8","Member",13758
"1171","9","Casual",2577
"1172","9","Member",8527
"1173","10","Casual",3287
"1174","10","Member",7858
"1175","11","Casual",4670
"1176","11","Member",9357
"1177","12","Casual",6136
"1178","12","Member",11276
"1179","13","Casual",6852
"1180","13","Member",11183
"1181","14","Casual",7768
"1182","14","Member",11326
"1183","15","Casual",8368
"1184","15","Member",13499
"1185","16","Casual",9042
"1186","16","Member",18199
"1187","17","Casual",9681
"1188","17","Member",21372
"1189","18","Casual",7681
"1190","18","Member",16210
"1191","19","Casual",4829
"1192","19","Member",10489
"1193","20","Casual",3095
"1194","20","Member",6828
"1195","21","Casual",2508
"1196","21","Member",5233
"1197","22","Casual",2403
"1198","22","Member",3803
"1199","23","Casual",1845
"1200","23","Member",2511
"1201","0","Casual",2082
"1202","0","Member",2155
"1203","1","Casual",1365
"1204","1","Member",1399
"1205","2","Casual",885
"1206","2","Member",701
"1207","3","Casual",611
"1208","3","Member",495
"1209","4","Casual",410
"1210","4","Member",626
"1211","5","Casual",638
"1212","5","Member",2223
"1213","6","Casual",1314
"1214","6","Member",6624
"1215","7","Casual",2780
"1216","7","Member",13642
"1217","8","Casual",3834
"1218","8","Member",16291
"1219","9","Casual",4002
"1220","9","Member",11232
"1221","10","Casual",5274
"1222","10","Member",10539
"1223","11","Casual",7343
"1224","11","Member",12773
"1225","12","Casual",8396
"1226","12","Member",14578
"1227","13","Casual",9034
"1228","13","Member",14691
"1229","14","Casual",9635
"1230","14","Member",14160
"1231","15","Casual",10204
"1232","15","Member",15982
"1233","16","Casual",11108
"1234","16","Member",20504
"1235","17","Casual",11912
"1236","17","Member",24897
"1237","18","Casual",10687
"1238","18","Member",20568
"1239","19","Casual",7732
"1240","19","Member",14442
"1241","20","Casual",5038
"1242","20","Member",9360
"1243","21","Casual",4514
"1244","21","Member",7441
"1245","22","Casual",4304
"1246","22","Member",5563
"1247","23","Casual",3315
"1248","23","Member",3946
"1249","0","Casual",5547
"1250","0","Member",3970
"1251","1","Casual",3195
"1252","1","Member",2309
"1253","2","Casual",2145
"1254","2","Member",1347
"1255","3","Casual",1237
"1256","3","Member",863
"1257","4","Casual",812
"1258","4","Member",938
"1259","5","Casual",1187
"1260","5","Member",3342
"1261","6","Casual",2679
"1262","6","Member",8857
"1263","7","Casual",5161
"1264","7","Member",17044
"1265","8","Casual",7263
"1266","8","Member",19685
"1267","9","Casual",8258
"1268","9","Member",14750
"1269","10","Casual",11366
"1270","10","Member",14700
"1271","11","Casual",15101
"1272","11","Member",17648
"1273","12","Casual",18011
"1274","12","Member",20271
"1275","13","Casual",18941
"1276","13","Member",20179
"1277","14","Casual",19404
"1278","14","Member",19576
"1279","15","Casual",21560
"1280","15","Member",22889
"1281","16","Casual",24332
"1282","16","Member",30920
"1283","17","Casual",27770
"1284","17","Member",37480
"1285","18","Casual",24488
"1286","18","Member",31136
"1287","19","Casual",19155
"1288","19","Member",23169
"1289","20","Casual",13830
"1290","20","Member",15834
"1291","21","Casual",11353
"1292","21","Member",12238
"1293","22","Casual",10108
"1294","22","Member",9219
"1295","23","Casual",7512
"1296","23","Member",6079
"1297","0","Casual",7617
"1298","0","Member",4649
"1299","1","Casual",4568
"1300","1","Member",2592
"1301","2","Casual",2673
"1302","2","Member",1529
"1303","3","Casual",1451
"1304","3","Member",893
"1305","4","Casual",1165
"1306","4","Member",1073
"1307","5","Casual",1918
"1308","5","Member",4097
"1309","6","Casual",4204
"1310","6","Member",11004
"1311","7","Casual",7432
"1312","7","Member",20210
"1313","8","Casual",9799
"1314","8","Member",22590
"1315","9","Casual",10402
"1316","9","Member",15967
"1317","10","Casual",13658
"1318","10","Member",14922
"1319","11","Casual",17911
"1320","11","Member",18208
"1321","12","Casual",21163
"1322","12","Member",20984
"1323","13","Casual",21757
"1324","13","Member",20101
"1325","14","Casual",23646
"1326","14","Member",20413
"1327","15","Casual",26948
"1328","15","Member",24859
"1329","16","Casual",31276
"1330","16","Member",34392
"1331","17","Casual",36074
"1332","17","Member",42628
"1333","18","Casual",33275
"1334","18","Member",35973
"1335","19","Casual",27186
"1336","19","Member",27127
"1337","20","Casual",21571
"1338","20","Member",20773
"1339","21","Casual",16954
"1340","21","Member",15383
"1341","22","Casual",15273
"1342","22","Member",12098
"1343","23","Casual",11130
"1344","23","Member",7688
"1345","0","Casual",8792
"1346","0","Member",5321
"1347","1","Casual",5819
"1348","1","Member",3241
"1349","2","Casual",3608
"1350","2","Member",1870
"1351","3","Casual",2142
"1352","3","Member",1101
"1353","4","Casual",1366
"1354","4","Member",1156
"1355","5","Casual",1877
"1356","5","Member",3838
"1357","6","Casual",4329
"1358","6","Member",10690
"1359","7","Casual",7142
"1360","7","Member",18820
"1361","8","Casual",10122
"1362","8","Member",22075
"1363","9","Casual",11681
"1364","9","Member",17138
"1365","10","Casual",15598
"1366","10","Member",16662
"1367","11","Casual",20510
"1368","11","Member",19893
"1369","12","Casual",24954
"1370","12","Member",22773
"1371","13","Casual",26883
"1372","13","Member",23005
"1373","14","Casual",28102
"1374","14","Member",22860
"1375","15","Casual",29717
"1376","15","Member",25868
"1377","16","Casual",32780
"1378","16","Member",34496
"1379","17","Casual",36201
"1380","17","Member",42347
"1381","18","Casual",34079
"1382","18","Member",36411
"1383","19","Casual",28435
"1384","19","Member",27913
"1385","20","Casual",22987
"1386","20","Member",21626
"1387","21","Casual",19412
"1388","21","Member",16898
"1389","22","Casual",16994
"1390","22","Member",12941
"1391","23","Casual",12525
"1392","23","Member",8490
"1393","0","Casual",7580
"1394","0","Member",4811
"1395","1","Casual",4707
"1396","1","Member",2925
"1397","2","Casual",2942
"1398","2","Member",1610
"1399","3","Casual",1814
"1400","3","Member",980
"1401","4","Casual",1227
"1402","4","Member",1124
"1403","5","Casual",2128
"1404","5","Member",3940
"1405","6","Casual",5239
"1406","6","Member",12410
"1407","7","Casual",8153
"1408","7","Member",21980
"1409","8","Casual",10802
"1410","8","Member",25116
"1411","9","Casual",11215
"1412","9","Member",17463
"1413","10","Casual",14380
"1414","10","Member",16882
"1415","11","Casual",18117
"1416","11","Member",19555
"1417","12","Casual",21126
"1418","12","Member",22037
"1419","13","Casual",21080
"1420","13","Member",21394
"1421","14","Casual",22478
"1422","14","Member",21585
"1423","15","Casual",25284
"1424","15","Member",26377
"1425","16","Casual",28834
"1426","16","Member",36150
"1427","17","Casual",34478
"1428","17","Member",45965
"1429","18","Casual",32455
"1430","18","Member",38693
"1431","19","Casual",25912
"1432","19","Member",29748
"1433","20","Casual",18770
"1434","20","Member",20799
"1435","21","Casual",16189
"1436","21","Member",15946
"1437","22","Casual",13831
"1438","22","Member",12003
"1439","23","Casual",10183
"1440","23","Member",7515
"1441","0","Casual",6292
"1442","0","Member",4693
"1443","1","Casual",4114
"1444","1","Member",2912
"1445","2","Casual",2610
"1446","2","Member",1815
"1447","3","Casual",1515
"1448","3","Member",1110
"1449","4","Casual",977
"1450","4","Member",1032
"1451","5","Casual",1687
"1452","5","Member",3588
"1453","6","Casual",4505
"1454","6","Member",10811
"1455","7","Casual",7578
"1456","7","Member",20477
"1457","8","Casual",9851
"1458","8","Member",24519
"1459","9","Casual",9494
"1460","9","Member",17318
"1461","10","Casual",11409
"1462","10","Member",16116
"1463","11","Casual",15044
"1464","11","Member",18734
"1465","12","Casual",17930
"1466","12","Member",22197
"1467","13","Casual",18523
"1468","13","Member",22298
"1469","14","Casual",19757
"1470","14","Member",22125
"1471","15","Casual",22692
"1472","15","Member",26443
"1473","16","Casual",25165
"1474","16","Member",35321
"1475","17","Casual",28168
"1476","17","Member",42519
"1477","18","Casual",25981
"1478","18","Member",35693
"1479","19","Casual",18618
"1480","19","Member",25372
"1481","20","Casual",12637
"1482","20","Member",17018
"1483","21","Casual",11984
"1484","21","Member",13909
"1485","22","Casual",11428
"1486","22","Member",11317
"1487","23","Casual",8738
"1488","23","Member",7305
"1489","0","Casual",4050
"1490","0","Member",3938
"1491","1","Casual",2968
"1492","1","Member",2601
"1493","2","Casual",1762
"1494","2","Member",1539
"1495","3","Casual",1071
"1496","3","Member",950
"1497","4","Casual",654
"1498","4","Member",906
"1499","5","Casual",1168
"1500","5","Member",2939
"1501","6","Casual",2814
"1502","6","Member",8555
"1503","7","Casual",5117
"1504","7","Member",16430
"1505","8","Casual",7364
"1506","8","Member",21455
"1507","9","Casual",7730
"1508","9","Member",15810
"1509","10","Casual",9927
"1510","10","Member",15091
"1511","11","Casual",12579
"1512","11","Member",18361
"1513","12","Casual",14694
"1514","12","Member",21006
"1515","13","Casual",15345
"1516","13","Member",21461
"1517","14","Casual",15952
"1518","14","Member",20733
"1519","15","Casual",17443
"1520","15","Member",25195
"1521","16","Casual",18335
"1522","16","Member",30876
"1523","17","Casual",19287
"1524","17","Member",35716
"1525","18","Casual",15745
"1526","18","Member",28406
"1527","19","Casual",10092
"1528","19","Member",19109
"1529","20","Casual",7161
"1530","20","Member",13505
"1531","21","Casual",6535
"1532","21","Member",10951
"1533","22","Casual",6366
"1534","22","Member",8510
"1535","23","Casual",4830
"1536","23","Member",5653
"1537","0","Casual",1773
"1538","0","Member",2338
"1539","1","Casual",1368
"1540","1","Member",1502
"1541","2","Casual",702
"1542","2","Member",793
"1543","3","Casual",426
"1544","3","Member",536
"1545","4","Casual",341
"1546","4","Member",629
"1547","5","Casual",669
"1548","5","Member",2261
"1549","6","Casual",1852
"1550","6","Member",7182
"1551","7","Casual",3275
"1552","7","Member",13370
"1553","8","Casual",4297
"1554","8","Member",16591
"1555","9","Casual",3824
"1556","9","Member",11082
"1557","10","Casual",4551
"1558","10","Member",9865
"1559","11","Casual",5425
"1560","11","Member",11583
"1561","12","Casual",6313
"1562","12","Member",13299
"1563","13","Casual",6300
"1564","13","Member",13117
"1565","14","Casual",7154
"1566","14","Member",13350
"1567","15","Casual",8803
"1568","15","Member",17405
"1569","16","Casual",9374
"1570","16","Member",22168
"1571","17","Casual",9249
"1572","17","Member",24725
"1573","18","Casual",7301
"1574","18","Member",18064
"1575","19","Casual",5001
"1576","19","Member",12583
"1577","20","Casual",3759
"1578","20","Member",8368
"1579","21","Casual",3496
"1580","21","Member",7231
"1581","22","Casual",3134
"1582","22","Member",5362
"1583","23","Casual",2385
"1584","23","Member",3559
"1585","0","Casual",910
"1586","0","Member",1501
"1587","1","Casual",664
"1588","1","Member",981
"1589","2","Casual",412
"1590","2","Member",587
"1591","3","Casual",286
"1592","3","Member",374
"1593","4","Casual",241
"1594","4","Member",456
"1595","5","Casual",396
"1596","5","Member",1432
"1597","6","Casual",954
"1598","6","Member",4379
"1599","7","Casual",1641
"1600","7","Member",8293
"1601","8","Casual",2182
"1602","8","Member",10161
"1603","9","Casual",1639
"1604","9","Member",6432
"1605","10","Casual",1798
"1606","10","Member",5700
"1607","11","Casual",2479
"1608","11","Member",7115
"1609","12","Casual",2824
"1610","12","Member",7992
"1611","13","Casual",2823
"1612","13","Member",7725
"1613","14","Casual",3017
"1614","14","Member",7960
"1615","15","Casual",3821
"1616","15","Member",9989
"1617","16","Casual",3926
"1618","16","Member",12173
"1619","17","Casual",3792
"1620","17","Member",13290
"1621","18","Casual",3045
"1622","18","Member",9915
"1623","19","Casual",2369
"1624","19","Member",7016
"1625","20","Casual",1613
"1626","20","Member",4732
"1627","21","Casual",1415
"1628","21","Member",3744
"1629","22","Casual",1438
"1630","22","Member",2905
"1631","23","Casual",1209
"1632","23","Member",2060
"1633","0","Casual",726
"1634","0","Member",1335
"1635","1","Casual",580
"1636","1","Member",838
"1637","2","Casual",433
"1638","2","Member",605
"1639","3","Casual",179
"1640","3","Member",292
"1641","4","Casual",207
"1642","4","Member",382
"1643","5","Casual",357
"1644","5","Member",1672
"1645","6","Casual",938
"1646","6","Member",4948
"1647","7","Casual",1583
"1648","7","Member",9005
"1649","8","Casual",1875
"1650","8","Member",11645
"1651","9","Casual",1585
"1652","9","Member",7485
"1653","10","Casual",1658
"1654","10","Member",6394
"1655","11","Casual",2131
"1656","11","Member",7393
"1657","12","Casual",2333
"1658","12","Member",8617
"1659","13","Casual",2533
"1660","13","Member",8478
"1661","14","Casual",2801
"1662","14","Member",8265
"1663","15","Casual",3131
"1664","15","Member",10469
"1665","16","Casual",3715
"1666","16","Member",13765
"1667","17","Casual",3495
"1668","17","Member",15845
"1669","18","Casual",2778
"1670","18","Member",11338
"1671","19","Casual",2106
"1672","19","Member",7601
"1673","20","Casual",1569
"1674","20","Member",5153
"1675","21","Casual",1336
"1676","21","Member",4078
"1677","22","Casual",1144
"1678","22","Member",2780
"1679","23","Casual",815
"1680","23","Member",1910
"1681","0","Casual",523
"1682","0","Member",1072
"1683","1","Casual",309
"1684","1","Member",629
"1685","2","Casual",230
"1686","2","Member",414
"1687","3","Casual",150
"1688","3","Member",213
"1689","4","Casual",127
"1690","4","Member",356
"1691","5","Casual",351
"1692","5","Member",1531
"1693","6","Casual",805
"1694","6","Member",4463
"1695","7","Casual",1380
"1696","7","Member",8373
"1697","8","Casual",1719
"1698","8","Member",10378
"1699","9","Casual",1522
"1700","9","Member",6835
"1701","10","Casual",1766
"1702","10","Member",6322
"1703","11","Casual",2278
"1704","11","Member",7434
"1705","12","Casual",2886
"1706","12","Member",8647
"1707","13","Casual",3289
"1708","13","Member",8848
"1709","14","Casual",3727
"1710","14","Member",8941
"1711","15","Casual",3972
"1712","15","Member",11190
"1713","16","Casual",4468
"1714","16","Member",14315
"1715","17","Casual",4140
"1716","17","Member",16051
"1717","18","Casual",2868
"1718","18","Member",10907
"1719","19","Casual",1993
"1720","19","Member",7198
"1721","20","Casual",1386
"1722","20","Member",4941
"1723","21","Casual",1339
"1724","21","Member",3958
"1725","22","Casual",1008
"1726","22","Member",2622
"1727","23","Casual",780
"1728","23","Member",1791
